{
    "station": {
        "sample": "144v424_WCL_MYJ_240307",
        "triggercmds": [
            "ZW_Trig.CH1.TRIG"
        ],
        "crosstalk": {},
        "z_before": 0,
        "reset": {
            "delay": 2.4e-06,
            "first_withR12": false,
            "n": 2
        },
        "shots": 1024,
        "cz_before": {
            "c_par": [
                [
                    0,
                    2
                ],
                [
                    1,
                    3
                ],
                [
                    4
                ]
            ],
            "cz_num": 0
        }
    },
    "gate": {
        "Measure": {
            "Q0": {
                "params": {
                    "duration": 4e-06,
                    "amp": 0.012,
                    "frequency": 6965447457.23823,
                    "weight": "const(1)",
                    "phi": -2.1814890350845695,
                    "threshold": 4621349023.817672,
                    "ring_up_amp": 0.024,
                    "ring_up_waist": 0.006,
                    "ring_up_time": 6e-07,
                    "default_type": "default"
                },
                "e2f": {
                    "duration": 4e-06,
                    "amp": 0.019,
                    "frequency": 6964950000.0,
                    "weight": "const(1)",
                    "phi": 2.7678138242169874,
                    "threshold": 5453564391.573079,
                    "ring_up_amp": 0.038,
                    "ring_up_waist": 0.0095,
                    "ring_up_time": 6e-07
                },
                "default_type": "default",
                "jpa": {
                    "duration": 4.096e-06,
                    "amp": 0.0066,
                    "frequency": 6965450000.0,
                    "weight": "const(1)",
                    "phi": 2.627060110045811,
                    "threshold": 13563399529.92167,
                    "ring_up_amp": 0.0132,
                    "ring_up_waist": 0.0033,
                    "ring_up_time": 2.56e-07,
                    "jpa_q": "Q65536"
                },
                "e2f_jpa": {
                    "duration": 4.096e-06,
                    "amp": 0.007399999999999998,
                    "frequency": 6965050000.0,
                    "weight": "const(1)",
                    "phi": 2.7197048084828355,
                    "threshold": 9821219703.416685,
                    "ring_up_amp": 0.014799999999999995,
                    "ring_up_waist": 0.003699999999999999,
                    "ring_up_time": 2.56e-07,
                    "jpa_q": "Q65536"
                }
            },
            "Q1": {
                "params": {
                    "duration": 4e-06,
                    "amp": 0.012,
                    "frequency": 6699547514.253923,
                    "weight": "const(1)",
                    "phi": -0.5762935409380968,
                    "threshold": 3808396682.969819,
                    "ring_up_amp": 0.024,
                    "ring_up_waist": 0.006,
                    "ring_up_time": 6e-07
                },
                "e2f": {
                    "duration": 4.096e-06,
                    "amp": 0.0768,
                    "frequency": 6699547514.253923,
                    "weight": "const(1)",
                    "phi": 0,
                    "threshold": 0,
                    "ring_up_amp": 0.1536,
                    "ring_up_waist": 0.0384,
                    "ring_up_time": 6e-07
                },
                "default_type": "default",
                "jpa": {
                    "duration": 4.096e-06,
                    "amp": 0.007,
                    "frequency": 6699560000.0,
                    "weight": "const(1)",
                    "phi": -0.35717657709988804,
                    "threshold": 25450441309.169765,
                    "ring_up_amp": 0.014,
                    "ring_up_waist": 0.0035,
                    "ring_up_time": 2.56e-07,
                    "jpa_q": "Q65536"
                },
                "e2f_jpa": {
                    "duration": 4.096e-06,
                    "amp": 0.0068000000000000005,
                    "frequency": 6698950000.0,
                    "weight": "const(1)",
                    "phi": 0.8806255958611084,
                    "threshold": -12995349929.474117,
                    "ring_up_amp": 0.013600000000000001,
                    "ring_up_waist": 0.0034000000000000002,
                    "ring_up_time": 2.56e-07,
                    "jpa_q": "Q65536"
                }
            }
        },
        "R": {
            "Q0": {
                "params": {
                    "width": 2.1e-08,
                    "amp": 0.5012667632372333,
                    "frequency": 4470988165.0700445,
                    "delta": -65355.27400446916,
                    "plateau": 2.1e-08
                }
            },
            "Q1": {
                "params": {
                    "width": 2.1e-08,
                    "amp": 0.3367902496375451,
                    "frequency": 4092972216.5741844,
                    "delta": 1726066.089693178,
                    "plateau": 2.1e-08
                }
            }
        },
        "R12": {
            "Q0": {
                "params": {
                    "width": 4.2e-08,
                    "amp": 0.39437406507574646,
                    "frequency": 4283464704.8456435,
                    "delta": 0
                }
            },
            "Q1": {
                "params": {
                    "width": 4.2e-08,
                    "amp": 1e-05,
                    "frequency": 3829496123.307644,
                    "delta": 0
                }
            }
        },
        "CZ": {
            "Q0_Q1": {
                "v4": {
                    "width": 5e-08,
                    "ampc": 0.2557345850244436,
                    "plateau": 4.5e-07,
                    "before": 5e-09,
                    "after": 3.5e-08,
                    "shape": "coshPulse",
                    "phi1": 0,
                    "phi2": 0
                },
                "default_type": "v4_nz",
                "v4_nz": {
                    "width": 7.7e-08,
                    "ampc": 0.3045749968756277,
                    "plateau": 0,
                    "before": 0,
                    "after": 2.1e-08,
                    "shape": "coshPulse",
                    "phi1": 1.7201378257320845,
                    "phi2": -2.0567337344354786,
                    "before_all": 3e-09,
                    "after_all": 1.1e-08,
                    "eps": 10
                },
                "v4_echo": {
                    "width": 6.3e-08,
                    "ampc": 0.30604132487644836,
                    "plateau": 0,
                    "before": 0,
                    "after": 2e-08,
                    "shape": "coshPulse",
                    "phi1": 1.504351668032856,
                    "phi2": 1.5091253111298149,
                    "before_all": 2e-09,
                    "after_all": 0,
                    "eps": 10
                },
                "v4_echo_2": {
                    "width": 2.5e-08,
                    "ampc": 0.27992822300530185,
                    "plateau": 0,
                    "before": 0,
                    "after": 0,
                    "shape": "coshPulse",
                    "phi1": 1.5334714052440497,
                    "phi2": 1.536585211216144,
                    "before_all": 2e-09,
                    "after_all": 4e-09,
                    "coeff": [
                        1,
                        -1,
                        1,
                        -1
                    ],
                    "eps": 10
                },
                "v4_nz_2": {
                    "width": 6.3e-08,
                    "ampc": 0.32446420183021846,
                    "plateau": 0,